{"1433,8234": 0.016980351744750582, "293,7399": 0.043187143075220306, "8425,4342": 0.030048599541862633, "280,12589": 0.065992541440451635, "7334,13727": 0.035856709952610616, "183,11158": 0.016981562014861985, "17571,7565": 0.035856709952610609, "4325,366": 0.038831462849694076, "505,7470": 0.048838472671142968, "12515,7779": 0.01609688179173558, "14835,13035": 0.035164174748929945, "4325,7182": 0.017565233414885823, "4355,7779": 0.017837117465525933, "293,1734": 0.054781688100218467, "183,15712": 0.016981562014861985, "7233,7789": 0.039745342036960472, "8393,20057": 0.027596517646563803, "14580,7182": 0.018622881816650672, "9621,15857": 0.030188313404016804, "4355,15477": 0.017837117465525933, "10303,4357": 0.07623463267147676, "4191,8393": 0.031618408848077595, "12589,589": 0.076234632671476774, "4342,560": 0.038210500830038421, "183,13727": 0.016981562014861985, "4355,16260": 0.0051300600573246412, "4357,280": 0.065992541440451621, "17571,15712": 0.035856709952610609, "514,7941": 0.046835233700419268, "467,1080": 0.075708569903923412, "13035,18163": 0.0077255063287159018, "14580,7399": 0.013408480539711174, "589,8991": 0.07623463267147676, "520,7941": 0.046835233700419268, "560,15477": 0.038210500830038414, "4400,467": 0.045835289497077693, "8425,4355": 0.046597651340193447, "4357,382": 0.065992541440451621, "183,9621": 0.016981562014861985, "15477,16260": 0.039745342036960493, "4325,7789": 0.01609688179173558, "12782,13035": 0.035164174748929945, "12589,16964": 0.034305642794802776, "7349,20057": 0.028308138875239541, "7789,1734": 0.017858970106601313, "15477,7349": 0.028308138875239544, "17571,13813": 0.039129659383578, "7182,15477": 0.018622881816650672, "14851,13035": 0.038630541432917456, "183,16414": 0.016981562014861985, "8393,14580": 0.027596517646563803, "183,9564": 0.016981562014861985, "11158,13813": 0.016980351744750582, "4342,366": 0.029728953140239583, "13035,7941": 0.052538851437211292, "8425,7399": 0.028103463580671017, "9621,7668": 0.016980351744750578, "560,7779": 0.038210500830038414, "10303,12589": 0.07623463267147676, "183,13813": 0.042226188656172732, "16414,7668": 0.016980351744750578, "4191,8425": 0.032192164562793071, "4357,8991": 0.036089403606638468, "7334,7668": 0.039129659383577986, "8422,7182": 0.017565233414885823, "560,16260": 0.01953749707693881, "4191,12515": 0.018107390612167269, "520,18163": 0.050781376653374712, "11158,7668": 0.016980351744750578, "4342,7182": 0.018622881816650672, "12590,20056": 0.048866340539105976, "512,7941": 0.046835233700419268, "280,16964": 0.085102926911900495, "1080,7471": 0.060536748657576328, "12515,7233": 0.006172286756806462, "366,7233": 0.013300596255826257, "7789,16260": 0.039745342036960493, "13727,8234": 0.016980351744750582, "4325,4342": 0.01609688179173558, "8393,1734": 0.02376447565515238, "514,18163": 0.050781376653374712, "7233,15477": 0.039745342036960479, "4191,4355": 0.020901074445747632, "7349,16260": 0.011842559007973107, "4569,6782": 0.11857261641429385, "8425,7789": 0.03004859954186263, "14580,7349": 0.028308138875239544, "7349,7779": 0.028308138875239541, "8422,20057": 0.01609688179173558, "16767,4569": 0.053357669506912862, "7565,13813": 0.016980351744750582, "9564,13813": 0.016980351744750582, "4325,7779": 0.01609688179173558, "1433,15857": 0.030188313404016804, "4355,560": 0.04991297639797726, "16414,8234": 0.016980351744750582, "183,7565": 0.016981562014861985, "4357,12589": 0.036089403606638482, "12515,4355": 0.01747467721438796, "16767,19075": 0.10362425183920995, "7233,20057": 0.039745342036960479, "4325,16260": 0.006172286756806462, "8393,7399": 0.015054727824392421, "7399,20057": 0.013408480539711174, "366,7182": 0.036040973890340895, "13003,7668": 0.048116487816276997, "293,7233": 0.04908894114432439, "366,20057": 0.029728953140239583, "7349,1734": 0.029918328747953603, "8517,6796": 0.15399254840939006, "124,12590": 0.05348666156272272, "8422,7233": 0.006172286756806462, "8422,7349": 0.035295198679819922, "4400,5719": 0.034206586216194185, "4325,20057": 0.01609688179173558, "8393,15477": 0.027596517646563803, "7182,20057": 0.018622881816650672, "7470,18163": 0.017167773860545004, "7233,7779": 0.039745342036960479, "4355,7349": 0.034917879947050465, "4400,12749": 0.043112912029770849, "4191,4325": 0.018107390612167269, "14580,16260": 0.039745342036960493, "9621,8234": 0.016980351744750582, "555,18163": 0.05871177072722502, "4325,7399": 0.010539347624583473, "1080,5719": 0.060536748657576328, "8425,14580": 0.030048599541862633, "280,8991": 0.065992541440451621, "8393,4342": 0.027596517646563803, "7541,7668": 0.016980351744750578, "4191,7349": 0.031361474013452406, "7233,7349": 0.011842559007973107, "4191,7182": 0.02094886446526581, "13003,13813": 0.048116487816277025, "12515,16260": 0.006172286756806462, "183,7334": 0.035215704026737585, "4325,15477": 0.01609688179173558, "16414,15857": 0.030188313404016804, "9564,7668": 0.016980351744750578, "10367,4569": 0.11857261641429385, "7779,1734": 0.017858970106601313, "4342,4355": 0.017837117465525933, "17571,9564": 0.035856709952610609, "7565,15857": 0.030188313404016801, "4400,7471": 0.034206586216194185, "512,18163": 0.050781376653374712, "7182,7779": 0.018622881816650672, "4325,560": 0.044045486604876942, "8393,366": 0.033773599667555068, "7565,7668": 0.016980351744750578, "10303,8991": 0.07623463267147676, "1433,13813": 0.016980351744750582, "8422,7789": 0.01609688179173558, "7334,8234": 0.039129659383577986, "17571,1433": 0.035856709952610609, "505,7941": 0.046835233700419268, "14835,7941": 0.046835233700419268, "555,13035": 0.079178523807786477, "4355,7399": 0.0072984352836344872, "4342,16260": 0.039745342036960493, "505,13035": 0.035164174748929945, "8425,7233": 0.014814975399373421, "4342,1734": 0.017858970106601313, "8425,7779": 0.03004859954186263, "8422,15477": 0.01609688179173558, "7779,16260": 0.039745342036960493, "4342,7399": 0.013408480539711174, "1433,7668": 0.016980351744750578, "8393,7779": 0.027596517646563803, "17571,8234": 0.039129659383578, "8422,366": 0.038831462849694076, "13727,13813": 0.016980351744750582, "16767,480": 0.11857141842027427, "4357,16964": 0.034305642794802776, "15712,7668": 0.016980351744750578, "382,16964": 0.085102926911900495, "366,7779": 0.029728953140239583, "4400,1080": 0.059755097039443109, "12515,293": 0.047402609609314195, "4400,20056": 0.034206586216194185, "4355,7233": 0.0051300600573246412, "9564,8234": 0.016980351744750582, "4325,7349": 0.035295198679819922, "183,7541": 0.016981562014861985, "514,7470": 0.048838472671142968, "17571,9621": 0.035856709952610609, "505,18163": 0.050781376653374712, "366,16260": 0.013300596255826257, "520,13035": 0.035164174748929945, "7541,8234": 0.016980351744750582, "4400,7210": 0.097293523720226593, "7541,13813": 0.016980351744750582, "12782,18163": 0.050781376653374712, "8393,7233": 0.0094070426191061908, "7182,7233": 0.0071412695489718033, "7334,11158": 0.035856709952610616, "20057,16260": 0.039745342036960493, "8422,7779": 0.01609688179173558, "12515,20057": 0.01609688179173558, "17571,16414": 0.035856709952610609, "15712,13813": 0.016980351744750582, "7182,7789": 0.018622881816650672, "382,8991": 0.065992541440451621, "183,7668": 0.042226188656172725, "124,4400": 0.038510568872722764, "14835,18163": 0.050781376653374712, "7334,9564": 0.035856709952610623, "7399,16260": 0.0038562315350103415, "4191,366": 0.03251333730924881, "366,15477": 0.029728953140239583, "13727,15857": 0.030188313404016804, "15712,8234": 0.016980351744750582, "366,7789": 0.029728953140239583, "16964,8991": 0.034305642794802776, "7349,7399": 0.021059140103912077, "514,13035": 0.035164174748929945, "1734,16260": 0.0060874612217184576, "12590,7471": 0.048866340539105976, "13727,7668": 0.016980351744750578, "7334,7565": 0.035856709952610616, "12515,4342": 0.01609688179173558, "4325,14580": 0.01609688179173558, "8393,7349": 0.030071237710707036, "8422,560": 0.044045486604876942, "7182,16260": 0.0071412695489718033, "12589,382": 0.065992541440451635,